# Guia de carreras universitarias (SIU), https://guiadecarreras.siu.edu.ar/ciie_ofertas/2.0/guia_grado.php , filtro provincia = Tucuman, nivel pregrado y grado. Consultado el 2026-09-08 con un navegador automatizado. La primera fila de datos repite el encabezado tal como lo muestra la tabla.
universidad,facultad,titulo,tipo_de_titulo,duracion,condiciones_de_ingreso,domicilio,telefono,web,mail
"Universidad","Facultad","Título","Tipo de Título","Duración","Condiciones de Ingreso","Domicilio","Teléfono","Web","Mail"
"Universidad del Norte Santo Tomás de Aquino","Centro Universitario Concepción","Abogado","Grado","5 Años","Ingreso Directo","Roca 37 - Concepcion - Tucumán","(03865) 42316","http://www.unsta.edu.ar/","info@unsta.edu.ar"
"Universidad del Norte Santo Tomás de Aquino","Centro Universitario Concepción","Contador Público","Grado","4 Años","Ingreso Directo","Roca 37 - Concepcion - Tucumán","(03865) 42316","http://www.unsta.edu.ar/","info@unsta.edu.ar"
"Universidad del Norte Santo Tomás de Aquino","Centro Universitario Concepción","Ingeniero en Informática","Grado","5 Años","Consulte con la Institución","Roca 37 - Concepcion - Tucumán","(03865) 42316","http://www.unsta.edu.ar/","info@unsta.edu.ar"
"Universidad del Norte Santo Tomás de Aquino","Centro Universitario Concepción","Ingeniero Industrial","Grado","5 Años","Consulte con la Institución","Roca 37 - Concepcion - Tucumán","(03865) 42316","http://www.unsta.edu.ar/","info@unsta.edu.ar"
"Universidad del Norte Santo Tomás de Aquino","Centro Universitario Concepción","Licenciado en Administración de Empresas","Grado","4 Años","Ingreso Directo","Roca 37 - Concepcion - Tucumán","(03865) 42316","http://www.unsta.edu.ar/","info@unsta.edu.ar"
"Universidad del Norte Santo Tomás de Aquino","Centro Universitario Concepción","Licenciado en Gestión Ambiental y Ecología","Grado","4 Años","Consulte con la Institución","Roca 37 - Concepcion - Tucumán","(03865) 42316","http://www.unsta.edu.ar/","info@unsta.edu.ar"
"Universidad del Norte Santo Tomás de Aquino","Centro Universitario Concepción","Licenciado en Higiene y Seguridad Laboral","Grado","5 Años","Ingreso Directo","Roca 37 - Concepcion - Tucumán","(03865) 42316","http://www.unsta.edu.ar/","info@unsta.edu.ar"
"Universidad del Norte Santo Tomás de Aquino","Centro Universitario Concepción","Licenciado en Logística y Gestión de Transportes","Grado","4 Años","Consulte con la Institución","Roca 37 - Concepcion - Tucumán","(03865) 42316","http://www.unsta.edu.ar/","info@unsta.edu.ar"
"Universidad del Norte Santo Tomás de Aquino","Centro Universitario Concepción","Licenciado en Nutrición","Grado","4 Años","Ingreso Directo","Roca 37 - Concepcion - Tucumán","(03865) 42316","http://www.unsta.edu.ar/","info@unsta.edu.ar"
"Universidad del Norte Santo Tomás de Aquino","Centro Universitario Concepción","Licenciado en Psicología","Grado","5 Años","Ingreso Directo","Roca 37 - Concepcion - Tucumán","(03865) 42316","http://www.unsta.edu.ar/","info@unsta.edu.ar"
"Universidad del Norte Santo Tomás de Aquino","Centro Universitario Concepción","Licenciado en Recursos Humanos","Grado","4 Años","Ingreso Directo","Roca 37 - Concepcion - Tucumán","(03865) 42316","http://www.unsta.edu.ar/","info@unsta.edu.ar"
"Universidad del Norte Santo Tomás de Aquino","Centro Universitario Concepción","Licenciado en Terapia Ocupacional","Grado","4 Años","Consulte con la Institución","Roca 37 - Concepcion - Tucumán","(03865) 42316","http://www.unsta.edu.ar/","info@unsta.edu.ar"
"Universidad del Norte Santo Tomás de Aquino","Centro Universitario Concepción","Licenciado en Turismo","Grado","4 Años","Consulte con la Institución","Roca 37 - Concepcion - Tucumán","(03865) 42316","http://www.unsta.edu.ar/","info@unsta.edu.ar"
"Universidad del Norte Santo Tomás de Aquino","Centro Universitario Concepción","Notario","Grado","4 Años","Ingreso Directo","Roca 37 - Concepcion - Tucumán","(03865) 42316","http://www.unsta.edu.ar/","info@unsta.edu.ar"
"Universidad del Norte Santo Tomás de Aquino","Centro Universitario Concepción","Procurador","Técnico Instrumental","3 Años","Ingreso Directo","Roca 37 - Concepcion - Tucumán","(03865) 42316","http://www.unsta.edu.ar/","info@unsta.edu.ar"
"Universidad del Norte Santo Tomás de Aquino","Centro Universitario Concepción","Técnico en Higiene y Seguridad Laboral","Técnico Instrumental","3 Años","Ingreso Directo","Roca 37 - Concepcion - Tucumán","(03865) 42316","http://www.unsta.edu.ar/","info@unsta.edu.ar"
"Universidad del Norte Santo Tomás de Aquino","Facultad de Ciencias de la Salud","Licenciado en Diagnóstico por Imágenes","Grado","5 Años","Ingreso Directo","Av. Perón 2085 - Yerba Buena - Tucumán","(0381) 4101198","http://www.unsta.edu.ar/","info@unsta.edu.ar"
"Universidad del Norte Santo Tomás de Aquino","Facultad de Ciencias de la Salud","Licenciado en Gastronomía","Grado","4 Años","Ingreso Directo","Av. Perón 2085 - Yerba Buena - Tucumán","(0381) 4101198","http://www.unsta.edu.ar/","info@unsta.edu.ar"
"Universidad del Norte Santo Tomás de Aquino","Facultad de Ciencias de la Salud","Licenciado en Nutrición","Grado","4 Años","Ingreso Directo","Av. Perón 2085 - Yerba Buena - Tucumán","(0381) 4101198","http://www.unsta.edu.ar/","info@unsta.edu.ar"
"Universidad del Norte Santo Tomás de Aquino","Facultad de Ciencias de la Salud","Licenciado en Psicología","Grado","5 Años","Ingreso Directo","Av. Perón 2085 - Yerba Buena - Tucumán","(0381) 4101198","http://www.unsta.edu.ar/","info@unsta.edu.ar"
"Universidad del Norte Santo Tomás de Aquino","Facultad de Ciencias de la Salud","Licenciado en Terapia Ocupacional","Grado","4 Años","Ingreso Directo","Av. Perón 2085 - Yerba Buena - Tucumán","(0381) 4101198","http://www.unsta.edu.ar/","info@unsta.edu.ar"
"Universidad del Norte Santo Tomás de Aquino","Facultad de Ciencias de la Salud","Licenciado en Trabajo Social - Ciclo de Complementación Curricular","Ciclo de Complementación Curricular","2 Años","Consulte con la Institución","Av. Perón 2085 - Yerba Buena - Tucumán","(0381) 4101198","http://www.unsta.edu.ar/","info@unsta.edu.ar"
"Universidad del Norte Santo Tomás de Aquino","Facultad de Ciencias de la Salud","Médico","Grado","6 Años","Exámen de Ingreso","Av. Perón 2085 - Yerba Buena - Tucumán","(0381) 4101198","http://www.unsta.edu.ar/","info@unsta.edu.ar"
"Universidad del Norte Santo Tomás de Aquino","Facultad de Ciencias de la Salud","Técnico Universitario en Diagnóstico por Imágenes","Técnico Instrumental","3 Años","Ingreso Directo","Av. Perón 2085 - Yerba Buena - Tucumán","(0381) 4101198","http://www.unsta.edu.ar/","info@unsta.edu.ar"
"Universidad del Norte Santo Tomás de Aquino","Facultad de Ciencias Juridicas, Politicas y Sociales","Abogado","Grado","5 Años","Ingreso Directo","9 de Julio 165 - San Miguel De Tucuman - Tucumán","(0381) 4101141","http://www.unsta.edu.ar/","info@unsta.edu.ar"
"Universidad del Norte Santo Tomás de Aquino","Facultad de Ciencias Juridicas, Politicas y Sociales","Licenciado en Ciencias Políticas","Grado","4 Años","Consulte con la Institución","9 de Julio 165 - San Miguel De Tucuman - Tucumán","(0381) 4101141","http://www.unsta.edu.ar/","info@unsta.edu.ar"
"Universidad del Norte Santo Tomás de Aquino","Facultad de Ciencias Juridicas, Politicas y Sociales","Licenciado en Comunicación Social","Grado","5 Años","Ingreso Directo","9 de Julio 165 - San Miguel De Tucuman - Tucumán","(0381) 4101141","http://www.unsta.edu.ar/","info@unsta.edu.ar"
"Universidad del Norte Santo Tomás de Aquino","Facultad de Ciencias Juridicas, Politicas y Sociales","Licenciado en Seguridad y Protección Ciudadana - Ciclo de Complementación Curricular","Ciclo de Complementación Curricular","2 Años","Ingreso Directo","9 de Julio 165 - San Miguel De Tucuman - Tucumán","(0381) 4101141","http://www.unsta.edu.ar/","info@unsta.edu.ar"
"Universidad del Norte Santo Tomás de Aquino","Facultad de Ciencias Juridicas, Politicas y Sociales","Locutor Nacional","Técnico Instrumental","3 Años","Exámen de Ingreso","9 de Julio 165 - San Miguel De Tucuman - Tucumán","(0381) 4101141","http://www.unsta.edu.ar/","info@unsta.edu.ar"
"Universidad del Norte Santo Tomás de Aquino","Facultad de Ciencias Juridicas, Politicas y Sociales","Notario","Grado","4 Años","Ingreso Directo","9 de Julio 165 - San Miguel De Tucuman - Tucumán","(0381) 4101141","http://www.unsta.edu.ar/","info@unsta.edu.ar"
"Universidad del Norte Santo Tomás de Aquino","Facultad de Ciencias Juridicas, Politicas y Sociales","Procurador","Técnico Instrumental","3 Años","Ingreso Directo","9 de Julio 165 - San Miguel De Tucuman - Tucumán","(0381) 4101141","http://www.unsta.edu.ar/","info@unsta.edu.ar"
"Universidad del Norte Santo Tomás de Aquino","Facultad de Ciencias Juridicas, Politicas y Sociales","Técnico Universitario en Periodismo","Título Intermedio","3 Años","Consulte con la Institución","9 de Julio 165 - San Miguel De Tucuman - Tucumán","(0381) 4101141","http://www.unsta.edu.ar/","info@unsta.edu.ar"
"Universidad del Norte Santo Tomás de Aquino","Facultad de Economía y Administración","Contador Público","Grado","4 Años","Ingreso Directo","9 de Julio 165 - San Miguel De Tucuman - Tucumán","(0381) 4101141","http://www.unsta.edu.ar/","info@unsta.edu.ar"
"Universidad del Norte Santo Tomás de Aquino","Facultad de Economía y Administración","Licenciado/a en Marketing","Grado","4 Años","Ingreso Directo","9 de Julio 165 - San Miguel De Tucuman - Tucumán","(0381) 4101141","http://www.unsta.edu.ar/","info@unsta.edu.ar"
"Universidad del Norte Santo Tomás de Aquino","Facultad de Economía y Administración","Licenciado en Administración de Empresas","Grado","4 Años","Ingreso Directo","9 de Julio 165 - San Miguel De Tucuman - Tucumán","(0381) 4101141","http://www.unsta.edu.ar/","info@unsta.edu.ar"
"Universidad del Norte Santo Tomás de Aquino","Facultad de Economía y Administración","Licenciado en Comercialización","Grado","4 Años","Ingreso Directo","9 de Julio 165 - San Miguel De Tucuman - Tucumán","(0381) 4101141","http://www.unsta.edu.ar/","info@unsta.edu.ar"
"Universidad del Norte Santo Tomás de Aquino","Facultad de Economía y Administración","Licenciado en Recursos Humanos","Grado","4 Años","Ingreso Directo","9 de Julio 165 - San Miguel De Tucuman - Tucumán","(0381) 4101141","http://www.unsta.edu.ar/","info@unsta.edu.ar"
"Universidad del Norte Santo Tomás de Aquino","Facultad de Economía y Administración","Licenciado en Turismo","Grado","4 Años","Ingreso Directo","9 de Julio 165 - San Miguel De Tucuman - Tucumán","(0381) 4101141","http://www.unsta.edu.ar/","info@unsta.edu.ar"
"Universidad del Norte Santo Tomás de Aquino","Facultad de Economía y Administración","Técnico en Empresas Turísticas","Título Intermedio","3 Años","Ingreso Directo","9 de Julio 165 - San Miguel De Tucuman - Tucumán","(0381) 4101141","http://www.unsta.edu.ar/","info@unsta.edu.ar"
"Universidad del Norte Santo Tomás de Aquino","Facultad de Humanidades","Licenciado/a en Ciencias Sociales","Grado","4 Años","Ingreso Directo","9 de Julio 165 - San Miguel De Tucuman - Tucumán","(0381) 4101141","http://www.unsta.edu.ar/","info@unsta.edu.ar"
"Universidad del Norte Santo Tomás de Aquino","Facultad de Humanidades","Licenciado/a en Gestión Cultural- MD","Grado","4 Años","Asistencia a Curso de Ingreso o Nivelación","9 de Julio 165 - San Miguel De Tucuman - Tucumán","(0381) 4101141","http://www.unsta.edu.ar/","info@unsta.edu.ar"
"Universidad del Norte Santo Tomás de Aquino","Facultad de Humanidades","Licenciado/a en Teoría y Gestión de las Organizaciones - MD","Grado","4 Años","Asistencia a Curso de Ingreso o Nivelación","9 de Julio 165 - San Miguel De Tucuman - Tucumán","(0381) 4101141","http://www.unsta.edu.ar/","info@unsta.edu.ar"
"Universidad del Norte Santo Tomás de Aquino","Facultad de Humanidades","Licenciado en Filosofía","Grado","5 Años","Ingreso Directo","9 de Julio 165 - San Miguel De Tucuman - Tucumán","(0381) 4101141","http://www.unsta.edu.ar/","info@unsta.edu.ar"
"Universidad del Norte Santo Tomás de Aquino","Facultad de Humanidades","Profesor/a de Ciencias Políticas - Ciclo de Complementación Curricular","Ciclo de Complementación Curricular","2 Años","Ingreso Directo","9 de Julio 165 - San Miguel De Tucuman - Tucumán","(0381) 4101141","http://www.unsta.edu.ar/","info@unsta.edu.ar"
"Universidad del Norte Santo Tomás de Aquino","Facultad de Humanidades","Profesor/a de Derecho - Ciclo de Complementación Curricular","Ciclo de Complementación Curricular","2 Años","Ingreso Directo","9 de Julio 165 - San Miguel De Tucuman - Tucumán","(0381) 4101141","http://www.unsta.edu.ar/","info@unsta.edu.ar"
"Universidad del Norte Santo Tomás de Aquino","Facultad de Humanidades","Profesor en Filosofía","Grado","5 Años","Ingreso Directo","9 de Julio 165 - San Miguel De Tucuman - Tucumán","(0381) 4101141","http://www.unsta.edu.ar/","info@unsta.edu.ar"
"Universidad del Norte Santo Tomás de Aquino","Facultad de Humanidades","Técnico/a en Gestión Universitaria- MD","Otros Pregrados","3 Años","Asistencia a Curso de Ingreso o Nivelación","9 de Julio 165 - San Miguel De Tucuman - Tucumán","(0381) 4101141","http://www.unsta.edu.ar/","info@unsta.edu.ar"
"Universidad del Norte Santo Tomás de Aquino","Facultad de Ingeniería","Bioingeniero/a","Grado","5 Años","Asistencia a Curso de Ingreso o Nivelación","Av. Perón 2085 - Yerba Buena - Tucumán","(0381) 4101198","http://www.unsta.edu.ar/","info@unsta.edu.ar"
"Universidad del Norte Santo Tomás de Aquino","Facultad de Ingeniería","Ingeniero/a Ambiental","Grado","5 Años","Asistencia a Curso de Ingreso o Nivelación","Av. Perón 2085 - Yerba Buena - Tucumán","(0381) 4101198","http://www.unsta.edu.ar/","info@unsta.edu.ar"
"Universidad del Norte Santo Tomás de Aquino","Facultad de Ingeniería","Ingeniero/a en Inteligencia Artificial","Grado","5 Años","Asistencia a Curso de Ingreso o Nivelación","Av. Perón 2085 - Yerba Buena - Tucumán","(0381) 4101198","http://www.unsta.edu.ar/","info@unsta.edu.ar"
"Universidad del Norte Santo Tomás de Aquino","Facultad de Ingeniería","Ingeniero en Informática","Grado","5 Años","Ingreso Directo","Av. Perón 2085 - Yerba Buena - Tucumán","(0381) 4101198","http://www.unsta.edu.ar/","info@unsta.edu.ar"
"Universidad del Norte Santo Tomás de Aquino","Facultad de Ingeniería","Ingeniero Industrial","Grado","5 Años","Ingreso Directo","Av. Perón 2085 - Yerba Buena - Tucumán","(0381) 4101198","http://www.unsta.edu.ar/","info@unsta.edu.ar"
"Universidad del Norte Santo Tomás de Aquino","Facultad de Ingeniería","Licenciado/a en Diseño de Interiores","Grado","4 Años","Asistencia a Curso de Ingreso o Nivelación","Av. Perón 2085 - Yerba Buena - Tucumán","(0381) 4101198","http://www.unsta.edu.ar/","info@unsta.edu.ar"
"Universidad del Norte Santo Tomás de Aquino","Facultad de Ingeniería","Licenciado en Diseño Gráfico","Grado","4 Años","Ingreso Directo","Av. Perón 2085 - Yerba Buena - Tucumán","(0381) 4101198","http://www.unsta.edu.ar/","info@unsta.edu.ar"
"Universidad del Norte Santo Tomás de Aquino","Facultad de Ingeniería","Licenciado en Diseño Multimedial","Grado","4 Años","Ingreso Directo","Av. Perón 2085 - Yerba Buena - Tucumán","(0381) 4101198","http://www.unsta.edu.ar/","info@unsta.edu.ar"
"Universidad del Norte Santo Tomás de Aquino","Facultad de Ingeniería","Licenciado en Gestión Ambiental y Ecología","Grado","4 Años","Ingreso Directo","Av. Perón 2085 - Yerba Buena - Tucumán","(0381) 4101198","http://www.unsta.edu.ar/","info@unsta.edu.ar"
"Universidad del Norte Santo Tomás de Aquino","Facultad de Ingeniería","Licenciado en Higiene y Seguridad Laboral","Grado","5 Años","Ingreso Directo","Av. Perón 2085 - Yerba Buena - Tucumán","(0381) 4101198","http://www.unsta.edu.ar/","info@unsta.edu.ar"
"Universidad del Norte Santo Tomás de Aquino","Facultad de Ingeniería","Licenciado en Logística y Gestión de Transportes","Grado","4 Años","Ingreso Directo","Av. Perón 2085 - Yerba Buena - Tucumán","(0381) 4101198","http://www.unsta.edu.ar/","info@unsta.edu.ar"
"Universidad del Norte Santo Tomás de Aquino","Facultad de Ingeniería","Técnico/a Universitario/a en Automatización y Robótica","Otros Pregrados","5 Semestres","Ingreso Directo","Av. Perón 2085 - Yerba Buena - Tucumán","(0381) 4101198","http://www.unsta.edu.ar/","info@unsta.edu.ar"
"Universidad del Norte Santo Tomás de Aquino","Facultad de Ingeniería","Técnico en Diseño Multimedial","Técnico Instrumental","3 Años","Ingreso Directo","Av. Perón 2085 - Yerba Buena - Tucumán","(0381) 4101198","http://www.unsta.edu.ar/","info@unsta.edu.ar"
"Universidad del Norte Santo Tomás de Aquino","Facultad de Ingeniería","Técnico Universitario en Desarrollo y Calidad de Software","Otros Pregrados","5 Cuatrimestres","Ingreso Directo","Av. Perón 2085 - Yerba Buena - Tucumán","(0381) 4101198","http://www.unsta.edu.ar/","info@unsta.edu.ar"
"Universidad de San Pablo - T","Instituto de Desarrollo Tecnológico para la Competitividad Territorial","Licenciado en Ciencia y Tecnología de Alimentos","Grado","4 Años","Ingreso Directo","24 de Septiembre 476 - San Miguel De Tucuman - Tucumán","(0381) 4530 630","www.uspt.edu.ar","gbravo@uspt.edu.ar"
"Universidad de San Pablo - T","Instituto de Desarrollo Tecnológico para la Competitividad Territorial","Licenciado en Comercio Exterior","Grado","4 Años","Ingreso Directo","24 de Septiembre 476 - San Miguel De Tucuman - Tucumán","(0381) 4530 630","www.uspt.edu.ar","gbravo@uspt.edu.ar"
"Universidad de San Pablo - T","Instituto de Desarrollo Tecnológico para la Competitividad Territorial","Licenciado en Diseño Industrial","Grado","5 Años","Ingreso Directo","24 de Septiembre 476 - San Miguel De Tucuman - Tucumán","(0381) 4530 630","www.uspt.edu.ar","gbravo@uspt.edu.ar"
"Universidad de San Pablo - T","Instituto de Desarrollo Tecnológico para la Competitividad Territorial","Licenciado en Diseño Textil y de Indumentaria","Grado","4 Años","Ingreso Directo","24 de Septiembre 476 - San Miguel De Tucuman - Tucumán","(0381) 4530 630","www.uspt.edu.ar","gbravo@uspt.edu.ar"
"Universidad de San Pablo - T","Instituto de Desarrollo Tecnológico para la Competitividad Territorial","Licenciado en Finanzas","Grado","4 Años","Ingreso Directo","24 de Septiembre 476 - San Miguel De Tucuman - Tucumán","(0381) 4530 630","www.uspt.edu.ar","gbravo@uspt.edu.ar"
"Universidad de San Pablo - T","Instituto de Desarrollo Tecnológico para la Competitividad Territorial","Licenciado en Gestión de Empresas Agroindustriales","Grado","4 Años","Ingreso Directo","24 de Septiembre 476 - San Miguel De Tucuman - Tucumán","(0381) 4530 630","www.uspt.edu.ar","gbravo@uspt.edu.ar"
"Universidad de San Pablo - T","Instituto de Desarrollo Tecnológico para la Competitividad Territorial","Técnico en Diseño Industrial","Título Intermedio","3 Años","Ingreso Directo","24 de Septiembre 476 - San Miguel De Tucuman - Tucumán","(0381) 4530 630","www.uspt.edu.ar","gbravo@uspt.edu.ar"
"Universidad de San Pablo - T","Instituto de Estudios Sociales, Politica y Cultura","Abogado","Grado","5 Años","Ingreso Directo","24 de Septiembre 476 - San Miguel De Tucuman - Tucumán","(0381) 4530630","www.uspt.edu.ar","eflores@uspt.edu.ar"
"Universidad de San Pablo - T","Instituto de Estudios Sociales, Politica y Cultura","Contador Público Nacional","Grado","4 Años","Ingreso Directo","24 de Septiembre 476 - San Miguel De Tucuman - Tucumán","(0381) 4530630","www.uspt.edu.ar","eflores@uspt.edu.ar"
"Universidad de San Pablo - T","Instituto de Estudios Sociales, Politica y Cultura","Corredor Inmobiliario","Técnico Instrumental","3 Años","Ingreso Directo","24 de Septiembre 476 - San Miguel De Tucuman - Tucumán","(0381) 4530630","www.uspt.edu.ar","eflores@uspt.edu.ar"
"Universidad de San Pablo - T","Instituto de Estudios Sociales, Politica y Cultura","Licenciado en Ciencia Política","Grado","4 Años","Ingreso Directo","24 de Septiembre 476 - San Miguel De Tucuman - Tucumán","(0381) 4530630","www.uspt.edu.ar","eflores@uspt.edu.ar"
"Universidad de San Pablo - T","Instituto de Estudios Sociales, Politica y Cultura","Licenciado en Periodismo","Grado","4 Años","Consulte con la Institución","24 de Septiembre 476 - San Miguel De Tucuman - Tucumán","(0381) 4530630","www.uspt.edu.ar","eflores@uspt.edu.ar"
"Universidad de San Pablo - T","Instituto de Estudios Sociales, Politica y Cultura","Licenciado en Relaciones Internacionales","Grado","4 Años","Ingreso Directo","24 de Septiembre 476 - San Miguel De Tucuman - Tucumán","(0381) 4530630","www.uspt.edu.ar","eflores@uspt.edu.ar"
"Universidad de San Pablo - T","Instituto de Estudios Sociales, Politica y Cultura","Licenciado en Seguridad Ciudadana","Grado","4 Años","Consulte con la Institución","24 de Septiembre 476 - San Miguel De Tucuman - Tucumán","(0381) 4530630","www.uspt.edu.ar","eflores@uspt.edu.ar"
"Universidad de San Pablo - T","Instituto de Estudios Sociales, Politica y Cultura","Procurador/a","Otros Pregrados","4 Años","Ingreso Directo","24 de Septiembre 476 - San Miguel De Tucuman - Tucumán","(0381) 4530630","www.uspt.edu.ar","eflores@uspt.edu.ar"
"Universidad de San Pablo - T","Instituto de Estudios Sociales, Politica y Cultura","Técnico en Desarrollo Social","Título Intermedio","3 Años","Ingreso Directo","24 de Septiembre 476 - San Miguel De Tucuman - Tucumán","(0381) 4530630","www.uspt.edu.ar","eflores@uspt.edu.ar"
"Universidad de San Pablo - T","Instituto de Estudios Sociales, Politica y Cultura","Técnico Jurídico de Empresas","Título Intermedio","3 Años","Ingreso Directo","24 de Septiembre 476 - San Miguel De Tucuman - Tucumán","(0381) 4530630","www.uspt.edu.ar","eflores@uspt.edu.ar"
"Universidad de San Pablo - T","Instituto de Estudios Sociales, Politica y Cultura","Técnico Universitario en Protocolo, Ceremonial y Organización de Eventos","Técnico Instrumental","2 Años","Ingreso Directo","24 de Septiembre 476 - San Miguel De Tucuman - Tucumán","(0381) 4530630","www.uspt.edu.ar","eflores@uspt.edu.ar"
"Universidad de San Pablo - T","Instituto de Estudios Sociales, Politica y Cultura","Técnico Universitario en Taquigrafía y Estenotipia","Técnico Instrumental","2 Años","Consulte con la Institución","24 de Septiembre 476 - San Miguel De Tucuman - Tucumán","(0381) 4530630","www.uspt.edu.ar","eflores@uspt.edu.ar"
"Universidad de San Pablo - T","Instituto de Salud y Calidad de Vida","Médico","Grado","6 Años","Exámen de Ingreso","24 de Septiembre 476 - San Miguel De Tucuman - Tucumán","(0381) 4530630","www.uspt.edu.ar","wcorrea@uspt.edu.ar"
"Universidad Nacional de Santiago del Estero","Centro de Estudios del Tucumán - CETUC - Tucumán","Licenciado en Gestión Educativa - MD","Ciclo de Complementación Curricular","4 Cuatrimestres","Consulte con la Institución","Av. Salta 431 - San Miguel De Tucuman - Tucumán","(0385) 4509500","https://www.unse.edu.ar/","academia@unse.edu.ar"
"Universidad Nacional de Santiago del Estero","Instituto de Educacion Superior Sisaiani","Analista en Gestión Educativa","Otros Pregrados","2 Años","Asistencia a Curso de Ingreso o Nivelación","Reconquista 1215 - Tafi Viejo - Tucumán","(0385) 4509500","www.eie.unse.edu.ar","areagestion@eie.unse.edu.ar"
"Universidad Nacional de Santiago del Estero","Instituto de Educacion Superior Sisaiani","Licenciado/a en Gestión Educativa - Ciclo de Complementación Curricular - MD","Ciclo de Complementación Curricular","2 Años","Asistencia a Curso de Ingreso o Nivelación","Reconquista 1215 - Tafi Viejo - Tucumán","(0385) 4509500","www.eie.unse.edu.ar","areagestion@eie.unse.edu.ar"
"Universidad Nacional de Santiago del Estero","Instituto de Educacion Superior Sisaiani","Licenciado en Educación Inicial - Ciclo de Licenciatura - MD","Ciclo de Licenciatura","2 Años","Consulte con la Institución","Reconquista 1215 - Tafi Viejo - Tucumán","(0385) 4509500","www.eie.unse.edu.ar","areagestion@eie.unse.edu.ar"
"Universidad Nacional de Santiago del Estero","Instituto de Educacion Superior Sisaiani","Licenciado en Educación Primaria - Ciclo de Licenciatura - MD","Ciclo de Licenciatura","2 Años","Consulte con la Institución","Reconquista 1215 - Tafi Viejo - Tucumán","(0385) 4509500","www.eie.unse.edu.ar","areagestion@eie.unse.edu.ar"
"Universidad Nacional de Santiago del Estero","Tucuman - Villa Quinteros","Técnico Universitario en Viveros y Plantaciones Forestales","Técnico Instrumental","2.5 Años","Asistencia a Curso de Ingreso o Nivelación","9 de Julio y Florida S/N - Rio Seco - Tucumán","(0385) 4509500","https://www.unse.edu.ar/","academia@unse.edu.ar"
"Universidad Nacional de Santiago del Estero","Tucuman - Villa Quinteros","Técnico Universitario Fitosanitarista","Técnico Instrumental","2.5 Años","Asistencia a Curso de Ingreso o Nivelación","9 de Julio y Florida S/N - Rio Seco - Tucumán","(0385) 4509500","https://www.unse.edu.ar/","academia@unse.edu.ar"
"Universidad Nacional de Tucumán","Carrera de Kinesiología - Sede Monteros","Kinesiólogo","Título Intermedio","4 Años","Exámen de Ingreso","Sarmiento y Pje. Día SN - Cap. Caceres - Tucumán","(03863) 428380","www.fm.unt.edu.ar","kinesi@fm.unt.edu.ar"
"Universidad Nacional de Tucumán","Carrera de Kinesiología - Sede Monteros","Licenciado en Kinesiología","Grado","5 Años","Asistencia a Curso de Ingreso o Nivelación","Sarmiento y Pje. Día SN - Cap. Caceres - Tucumán","(03863) 428380","www.fm.unt.edu.ar","kinesi@fm.unt.edu.ar"
"Universidad Nacional de Tucumán","Escuela de Enfermería","Enfermero","Título Intermedio","3 Años","Consulte con la Institución","General Paz 875 - San Miguel De Tucuman - Tucumán","(0381) 4247752 Int. 7052","www.fm.unt.edu.ar/carreras/webenfermeria","info@unt.edu.ar"
"Universidad Nacional de Tucumán","Escuela de Enfermería","Enfermero/a Universitario/a","Título Intermedio","3 Años","Consulte con la Institución","General Paz 875 - San Miguel De Tucuman - Tucumán","(0381) 4247752 Int. 7052","www.fm.unt.edu.ar/carreras/webenfermeria","info@unt.edu.ar"
"Universidad Nacional de Tucumán","Escuela de Enfermería","Licenciado/a en Enfermería","Grado","5 Años","Consulte con la Institución","General Paz 875 - San Miguel De Tucuman - Tucumán","(0381) 4247752 Int. 7052","www.fm.unt.edu.ar/carreras/webenfermeria","info@unt.edu.ar"
"Universidad Nacional de Tucumán","Escuela de Enfermería","Licenciado/a en Obstetricia","Grado","4 Años","Consulte con la Institución","General Paz 875 - San Miguel De Tucuman - Tucumán","(0381) 4247752 Int. 7052","www.fm.unt.edu.ar/carreras/webenfermeria","info@unt.edu.ar"
"Universidad Nacional de Tucumán","Escuela de Enfermería","Licenciado en Enfermería","Grado","5 Años","Consulte con la Institución","General Paz 875 - San Miguel De Tucuman - Tucumán","(0381) 4247752 Int. 7052","www.fm.unt.edu.ar/carreras/webenfermeria","info@unt.edu.ar"
"Universidad Nacional de Tucumán","Escuela de Enfermería","Técnico en Estadísticas de Salud","Técnico Instrumental","3 Años","Consulte con la Institución","General Paz 875 - San Miguel De Tucuman - Tucumán","(0381) 4247752 Int. 7052","www.fm.unt.edu.ar/carreras/webenfermeria","info@unt.edu.ar"
"Universidad Nacional de Tucumán","Escuela de Enfermería","Técnico en Instrumentación Quirúrgica","Técnico Instrumental","2 Años","Consulte con la Institución","General Paz 875 - San Miguel De Tucuman - Tucumán","(0381) 4247752 Int. 7052","www.fm.unt.edu.ar/carreras/webenfermeria","info@unt.edu.ar"
"Universidad Nacional de Tucumán","Escuela de Enfermería Convenio Bella Vista","Licenciado/a en Enfermería","Grado","5 Años","Consulte con la Institución","General Paz 884 - San Miguel De Tucuman - Tucumán","(0381) 4247752",":www.eue.unt.edu.ar","info@unt.edu.ar"
"Universidad Nacional de Tucumán","Escuela de Enfermería Convenio Bella Vista","Licenciado en Enfermería","Grado","5 Años","Consulte con la Institución","General Paz 884 - San Miguel De Tucuman - Tucumán","(0381) 4247752",":www.eue.unt.edu.ar","info@unt.edu.ar"
"Universidad Nacional de Tucumán","Escuela de Enfermería Convenio Famaillá","Licenciado/a en Enfermería","Grado","5 Años","Consulte con la Institución","General Paz 884 - San Miguel De Tucuman - Tucumán","(0381) 4247752",":www.eue.unt.edu.ar","info@unt.edu.ar"
"Universidad Nacional de Tucumán","Escuela de Enfermería Convenio Famaillá","Licenciado en Enfermería","Grado","5 Años","Consulte con la Institución","General Paz 884 - San Miguel De Tucuman - Tucumán","(0381) 4247752",":www.eue.unt.edu.ar","info@unt.edu.ar"
"Universidad Nacional de Tucumán","Escuela Universitaria de Cine, Video y Televisión","Licenciado/a en Cinematografía","Grado","5 Años","Consulte con la Institución","Avda. Aconquija 729 - Yerba Buena - Tucumán","(0381) 4353681","www.escueladecine.unt.edu.ar","a.academica@cine.unt.edu.ar"
"Universidad Nacional de Tucumán","Escuela Universitaria de Cine, Video y Televisión","Técnico/a Universitario/a en Medios Audiovisuales","Otros Pregrados","3 Años","Consulte con la Institución","Avda. Aconquija 729 - Yerba Buena - Tucumán","(0381) 4353681","www.escueladecine.unt.edu.ar","a.academica@cine.unt.edu.ar"
"Universidad Nacional de Tucumán","Facultad de Agronomía y Zootecnia - Concepción","Técnico Universitario de Gestión en Calidad Alimenticia","Otros Pregrados","3 Años","Consulte con la Institución","Avenida Roca 1900 - San Miguel De Tucuman - Tucumán","(0381) 4533111","www.herrera.unt.edu.ar/facet","info@unt.edu.ar"
"Universidad Nacional de Tucumán","Facultad de Agronomía, Zootecnia y Veterinaria","Ingeniero/a Agrónomo/a","Grado","5 Años","Consulte con la Institución","Avda Pte. Nestor Kirchner 1900 - San Miguel De Tucuman - Tucumán","(0381) 4533111","faz.unt.edu.ar","decanatofaz@gmail.com"
"Universidad Nacional de Tucumán","Facultad de Agronomía, Zootecnia y Veterinaria","Ingeniero/a Zootecnista","Grado","5 Años","Consulte con la Institución","Avda Pte. Nestor Kirchner 1900 - San Miguel De Tucuman - Tucumán","(0381) 4533111","faz.unt.edu.ar","decanatofaz@gmail.com"
"Universidad Nacional de Tucumán","Facultad de Agronomía, Zootecnia y Veterinaria","Médico Veterinario","Grado","5.5 Años","Consulte con la Institución","Avda Pte. Nestor Kirchner 1900 - San Miguel De Tucuman - Tucumán","(0381) 4533111","faz.unt.edu.ar","decanatofaz@gmail.com"
"Universidad Nacional de Tucumán","Facultad de Arquitectura y Urbanismo","Arquitecto","Grado","6 Años","Asistencia a Curso de Ingreso o Nivelación","Av. Roca 1800 - San Miguel De Tucuman - Tucumán","(0381) 4364093","www.herrera.unt.edu.ar/fauunt/","info@unt.edu.ar"
"Universidad Nacional de Tucumán","Facultad de Arquitectura y Urbanismo","Técnico Diseñador Universitario de Indumentaria y Textil","Técnico Instrumental","3 Años","Exámen de Ingreso","Av. Roca 1800 - San Miguel De Tucuman - Tucumán","(0381) 4364093","www.herrera.unt.edu.ar/fauunt/","info@unt.edu.ar"
"Universidad Nacional de Tucumán","Facultad de Artes","Actor / Actriz","Otros Pregrados","3 Años","Consulte con la Institución","Bolivar 700 - San Miguel De Tucuman - Tucumán","(0381) 4525050","www.unt.edu.ar/fartes","info@unt.edu.ar"
"Universidad Nacional de Tucumán","Facultad de Artes","Bailarín de Danza Contemporánea","Grado","4 Años","Ingreso Directo","Bolivar 700 - San Miguel De Tucuman - Tucumán","(0381) 4525050","www.unt.edu.ar/fartes","info@unt.edu.ar"
"Universidad Nacional de Tucumán","Facultad de Artes","Diseñador de Interiores y Equipamiento","Grado","4 Años","Ingreso Directo","Bolivar 700 - San Miguel De Tucuman - Tucumán","(0381) 4525050","www.unt.edu.ar/fartes","info@unt.edu.ar"
"Universidad Nacional de Tucumán","Facultad de Artes","Licenciado/a en Artes Visuales","Grado","5 Años","Ingreso Directo","Bolivar 700 - San Miguel De Tucuman - Tucumán","(0381) 4525050","www.unt.edu.ar/fartes","info@unt.edu.ar"
"Universidad Nacional de Tucumán","Facultad de Artes","Licenciado/a en Danza Clásica","Grado","5 Años","Consulte con la Institución","Bolivar 700 - San Miguel De Tucuman - Tucumán","(0381) 4525050","www.unt.edu.ar/fartes","info@unt.edu.ar"
"Universidad Nacional de Tucumán","Facultad de Artes","Licenciado/a en Diseño de sonido","Grado","4 Años","Ingreso Directo","Bolivar 700 - San Miguel De Tucuman - Tucumán","(0381) 4525050","www.unt.edu.ar/fartes","info@unt.edu.ar"
"Universidad Nacional de Tucumán","Facultad de Artes","Licenciado/a en Luthería","Grado","5 Años","Ingreso Directo","Bolivar 700 - San Miguel De Tucuman - Tucumán","(0381) 4525050","www.unt.edu.ar/fartes","info@unt.edu.ar"
"Universidad Nacional de Tucumán","Facultad de Artes","Licenciado/a en Teatro","Grado","5 Años","Ingreso Directo","Bolivar 700 - San Miguel De Tucuman - Tucumán","(0381) 4525050","www.unt.edu.ar/fartes","info@unt.edu.ar"
"Universidad Nacional de Tucumán","Facultad de Artes","Licenciado en Música - Ciclo de Licenciatura","Ciclo de Licenciatura","2 Años","Ingreso Directo","Bolivar 700 - San Miguel De Tucuman - Tucumán","(0381) 4525050","www.unt.edu.ar/fartes","info@unt.edu.ar"
"Universidad Nacional de Tucumán","Facultad de Artes","Profesor/a Universitario/a en Teatro","Grado","4 Años","Ingreso Directo","Bolivar 700 - San Miguel De Tucuman - Tucumán","(0381) 4525050","www.unt.edu.ar/fartes","info@unt.edu.ar"
"Universidad Nacional de Tucumán","Facultad de Artes","Profesor de Danza Contemporánea","Grado","5 Años","Ingreso Directo","Bolivar 700 - San Miguel De Tucuman - Tucumán","(0381) 4525050","www.unt.edu.ar/fartes","info@unt.edu.ar"
"Universidad Nacional de Tucumán","Facultad de Artes","Técnico/a Universitario/a en Construcción y Restauración de Instrumentos de Cuerdas Pulsadas","Otros Pregrados","2 Años","Ingreso Directo","Bolivar 700 - San Miguel De Tucuman - Tucumán","(0381) 4525050","www.unt.edu.ar/fartes","info@unt.edu.ar"
"Universidad Nacional de Tucumán","Facultad de Artes","Técnico/a Universitario en Sonorización","Título Intermedio","3 Años","Ingreso Directo","Bolivar 700 - San Miguel De Tucuman - Tucumán","(0381) 4525050","www.unt.edu.ar/fartes","info@unt.edu.ar"
"Universidad Nacional de Tucumán","Facultad de Artes","Técnico Universitario en Fotografía","Otros Pregrados","3 Años","Ingreso Directo","Bolivar 700 - San Miguel De Tucuman - Tucumán","(0381) 4525050","www.unt.edu.ar/fartes","info@unt.edu.ar"
"Universidad Nacional de Tucumán","Facultad de Bioquímica, Química y Farmacia","Bioquímico/a","Grado","6 Años","Asistencia a Curso de Ingreso o Nivelación","Ayacucho 491 - San Miguel De Tucuman - Tucumán","(0381) 4247752","www.unt.edu.ar/facbioq","info@unt.edu.ar"
"Universidad Nacional de Tucumán","Facultad de Bioquímica, Química y Farmacia","Farmacéutico/a","Grado","6 Años","Consulte con la Institución","Ayacucho 491 - San Miguel De Tucuman - Tucumán","(0381) 4247752","www.unt.edu.ar/facbioq","info@unt.edu.ar"
"Universidad Nacional de Tucumán","Facultad de Bioquímica, Química y Farmacia","Licenciado/a en Química","Grado","5 Años","Consulte con la Institución","Ayacucho 491 - San Miguel De Tucuman - Tucumán","(0381) 4247752","www.unt.edu.ar/facbioq","info@unt.edu.ar"
"Universidad Nacional de Tucumán","Facultad de Bioquímica, Química y Farmacia","Licenciado en Biotecnología","Grado","5 Años","Consulte con la Institución","Ayacucho 491 - San Miguel De Tucuman - Tucumán","(0381) 4247752","www.unt.edu.ar/facbioq","info@unt.edu.ar"
"Universidad Nacional de Tucumán","Facultad de Bioquímica, Química y Farmacia","Técnico Laboratorista Universitario en Salud","Técnico Instrumental","3 Años","Consulte con la Institución","Ayacucho 491 - San Miguel De Tucuman - Tucumán","(0381) 4247752","www.unt.edu.ar/facbioq","info@unt.edu.ar"
"Universidad Nacional de Tucumán","Facultad de Ciencias Económicas","Contador Público","Grado","5 Años","Asistencia y Aprobación a Curso de Ingreso o Nivelación","Av Independencia 1900 - San Miguel De Tucuman - Tucumán","(0381) 4364093","www.face.unt.edu.ar","info@unt.edu.ar"
"Universidad Nacional de Tucumán","Facultad de Ciencias Económicas","Licenciado en Administración","Grado","5 Años","Asistencia y Aprobación a Curso de Ingreso o Nivelación","Av Independencia 1900 - San Miguel De Tucuman - Tucumán","(0381) 4364093","www.face.unt.edu.ar","info@unt.edu.ar"
"Universidad Nacional de Tucumán","Facultad de Ciencias Económicas","Licenciado en Economía","Grado","5 Años","Asistencia y Aprobación a Curso de Ingreso o Nivelación","Av Independencia 1900 - San Miguel De Tucuman - Tucumán","(0381) 4364093","www.face.unt.edu.ar","info@unt.edu.ar"
"Universidad Nacional de Tucumán","Facultad de Ciencias Exactas y Tecnología","Diseñador de Iluminación","Grado","4 Años","Asistencia y Aprobación a Curso de Ingreso o Nivelación","Av. Independencia 1800 - San Miguel De Tucuman - Tucumán","(0381) 4364093","www.herrera.unt.edu.ar/facet","info@unt.edu.ar"
"Universidad Nacional de Tucumán","Facultad de Ciencias Exactas y Tecnología","Ingeniero/a en Computación","Grado","5 Años","Asistencia y Aprobación a Curso de Ingreso o Nivelación","Av. Independencia 1800 - San Miguel De Tucuman - Tucumán","(0381) 4364093","www.herrera.unt.edu.ar/facet","info@unt.edu.ar"
"Universidad Nacional de Tucumán","Facultad de Ciencias Exactas y Tecnología","Ingeniero/a Geodesta y Geofísico/a","Grado","5 Años","Asistencia y Aprobación a Curso de Ingreso o Nivelación","Av. Independencia 1800 - San Miguel De Tucuman - Tucumán","(0381) 4364093","www.herrera.unt.edu.ar/facet","info@unt.edu.ar"
"Universidad Nacional de Tucumán","Facultad de Ciencias Exactas y Tecnología","Ingeniero Agrimensor","Grado","5 Años","Asistencia y Aprobación a Curso de Ingreso o Nivelación","Av. Independencia 1800 - San Miguel De Tucuman - Tucumán","(0381) 4364093","www.herrera.unt.edu.ar/facet","info@unt.edu.ar"
"Universidad Nacional de Tucumán","Facultad de Ciencias Exactas y Tecnología","Ingeniero Azucarero","Grado","5 Años","Asistencia y Aprobación a Curso de Ingreso o Nivelación","Av. Independencia 1800 - San Miguel De Tucuman - Tucumán","(0381) 4364093","www.herrera.unt.edu.ar/facet","info@unt.edu.ar"
"Universidad Nacional de Tucumán","Facultad de Ciencias Exactas y Tecnología","Ingeniero Biomédico","Grado","5 Años","Asistencia y Aprobación a Curso de Ingreso o Nivelación","Av. Independencia 1800 - San Miguel De Tucuman - Tucumán","(0381) 4364093","www.herrera.unt.edu.ar/facet","info@unt.edu.ar"
"Universidad Nacional de Tucumán","Facultad de Ciencias Exactas y Tecnología","Ingeniero Civil","Grado","5.5 Años","Asistencia y Aprobación a Curso de Ingreso o Nivelación","Av. Independencia 1800 - San Miguel De Tucuman - Tucumán","(0381) 4364093","www.herrera.unt.edu.ar/facet","info@unt.edu.ar"
"Universidad Nacional de Tucumán","Facultad de Ciencias Exactas y Tecnología","Ingeniero Electricista","Grado","5 Años","Asistencia y Aprobación a Curso de Ingreso o Nivelación","Av. Independencia 1800 - San Miguel De Tucuman - Tucumán","(0381) 4364093","www.herrera.unt.edu.ar/facet","info@unt.edu.ar"
"Universidad Nacional de Tucumán","Facultad de Ciencias Exactas y Tecnología","Ingeniero Electrónico","Grado","5 Años","Asistencia y Aprobación a Curso de Ingreso o Nivelación","Av. Independencia 1800 - San Miguel De Tucuman - Tucumán","(0381) 4364093","www.herrera.unt.edu.ar/facet","info@unt.edu.ar"
"Universidad Nacional de Tucumán","Facultad de Ciencias Exactas y Tecnología","Ingeniero en Informática","Grado","5 Años","Asistencia y Aprobación a Curso de Ingreso o Nivelación","Av. Independencia 1800 - San Miguel De Tucuman - Tucumán","(0381) 4364093","www.herrera.unt.edu.ar/facet","info@unt.edu.ar"
"Universidad Nacional de Tucumán","Facultad de Ciencias Exactas y Tecnología","Ingeniero Industrial","Grado","5 Años","Asistencia y Aprobación a Curso de Ingreso o Nivelación","Av. Independencia 1800 - San Miguel De Tucuman - Tucumán","(0381) 4364093","www.herrera.unt.edu.ar/facet","info@unt.edu.ar"
"Universidad Nacional de Tucumán","Facultad de Ciencias Exactas y Tecnología","Ingeniero Mecánico","Grado","5 Años","Asistencia y Aprobación a Curso de Ingreso o Nivelación","Av. Independencia 1800 - San Miguel De Tucuman - Tucumán","(0381) 4364093","www.herrera.unt.edu.ar/facet","info@unt.edu.ar"
"Universidad Nacional de Tucumán","Facultad de Ciencias Exactas y Tecnología","Ingeniero Químico","Grado","5 Años","Asistencia y Aprobación a Curso de Ingreso o Nivelación","Av. Independencia 1800 - San Miguel De Tucuman - Tucumán","(0381) 4364093","www.herrera.unt.edu.ar/facet","info@unt.edu.ar"
"Universidad Nacional de Tucumán","Facultad de Ciencias Exactas y Tecnología","Licenciado/a en Física","Grado","5 Años","Asistencia y Aprobación a Curso de Ingreso o Nivelación","Av. Independencia 1800 - San Miguel De Tucuman - Tucumán","(0381) 4364093","www.herrera.unt.edu.ar/facet","info@unt.edu.ar"
"Universidad Nacional de Tucumán","Facultad de Ciencias Exactas y Tecnología","Licenciado en Informática","Grado","5 Años","Asistencia y Aprobación a Curso de Ingreso o Nivelación","Av. Independencia 1800 - San Miguel De Tucuman - Tucumán","(0381) 4364093","www.herrera.unt.edu.ar/facet","info@unt.edu.ar"
"Universidad Nacional de Tucumán","Facultad de Ciencias Exactas y Tecnología","Licenciado en Matemática","Grado","5 Años","Asistencia y Aprobación a Curso de Ingreso o Nivelación","Av. Independencia 1800 - San Miguel De Tucuman - Tucumán","(0381) 4364093","www.herrera.unt.edu.ar/facet","info@unt.edu.ar"
"Universidad Nacional de Tucumán","Facultad de Ciencias Exactas y Tecnología","Programador Universitario","Técnico Instrumental","3 Años","Asistencia y Aprobación a Curso de Ingreso o Nivelación","Av. Independencia 1800 - San Miguel De Tucuman - Tucumán","(0381) 4364093","www.herrera.unt.edu.ar/facet","info@unt.edu.ar"
"Universidad Nacional de Tucumán","Facultad de Ciencias Exactas y Tecnología","Técnico/a Universitario/a en Física Ambiental","Técnico Instrumental","2.5 Años","Asistencia y Aprobación a Curso de Ingreso o Nivelación","Av. Independencia 1800 - San Miguel De Tucuman - Tucumán","(0381) 4364093","www.herrera.unt.edu.ar/facet","info@unt.edu.ar"
"Universidad Nacional de Tucumán","Facultad de Ciencias Exactas y Tecnología","Técnico en Iluminación","Título Intermedio","3 Años","Asistencia y Aprobación a Curso de Ingreso o Nivelación","Av. Independencia 1800 - San Miguel De Tucuman - Tucumán","(0381) 4364093","www.herrera.unt.edu.ar/facet","info@unt.edu.ar"
"Universidad Nacional de Tucumán","Facultad de Ciencias Exactas y Tecnología","Técnico Universitario en Física","Otros Pregrados","3 Años","Asistencia y Aprobación a Curso de Ingreso o Nivelación","Av. Independencia 1800 - San Miguel De Tucuman - Tucumán","(0381) 4364093","www.herrera.unt.edu.ar/facet","info@unt.edu.ar"
"Universidad Nacional de Tucumán","Facultad de Ciencias Exactas y Tecnología","Técnico Universitario en Tecnología Azucarera e Industrias Derivadas","Técnico Instrumental","3 Años","Asistencia y Aprobación a Curso de Ingreso o Nivelación","Av. Independencia 1800 - San Miguel De Tucuman - Tucumán","(0381) 4364093","www.herrera.unt.edu.ar/facet","info@unt.edu.ar"
"Universidad Nacional de Tucumán","Facultad de Ciencias Naturales e Instituto Miguel Lillo","Arqueólogo","Grado","5 Años","Asistencia a Curso de Ingreso o Nivelación","Miguel Lillo 209 - San Miguel De Tucuman - Tucumán","(0381) 4239456","www.csnat.unt.edu.ar","info@unt.edu.ar"
"Universidad Nacional de Tucumán","Facultad de Ciencias Naturales e Instituto Miguel Lillo","Geólogo/a","Grado","5 Años","Asistencia a Curso de Ingreso o Nivelación","Miguel Lillo 209 - San Miguel De Tucuman - Tucumán","(0381) 4239456","www.csnat.unt.edu.ar","info@unt.edu.ar"
"Universidad Nacional de Tucumán","Facultad de Ciencias Naturales e Instituto Miguel Lillo","Licenciado/a en Ciencias Biológicas","Grado","5 Años","Asistencia a Curso de Ingreso o Nivelación","Miguel Lillo 209 - San Miguel De Tucuman - Tucumán","(0381) 4239456","www.csnat.unt.edu.ar","info@unt.edu.ar"
"Universidad Nacional de Tucumán","Facultad de Ciencias Naturales e Instituto Miguel Lillo","Profesor en Ciencias Biológicas","Grado","4 Años","Asistencia a Curso de Ingreso o Nivelación","Miguel Lillo 209 - San Miguel De Tucuman - Tucumán","(0381) 4239456","www.csnat.unt.edu.ar","info@unt.edu.ar"
"Universidad Nacional de Tucumán","Facultad de Ciencias Naturales e Instituto Miguel Lillo","Técnico Universitario en Documentación y Museología Arqueológica","Técnico Instrumental","3 Años","Asistencia a Curso de Ingreso o Nivelación","Miguel Lillo 209 - San Miguel De Tucuman - Tucumán","(0381) 4239456","www.csnat.unt.edu.ar","info@unt.edu.ar"
"Universidad Nacional de Tucumán","Facultad de Derecho y Ciencias Sociales","Abogado","Grado","6 Años","Ingreso Directo","25 de Mayo 471 - San Miguel De Tucuman - Tucumán","(0381) 4300153","www.derecho.unt.edu.ar","secretaria.academica@derecho.unt.edu.ar"
"Universidad Nacional de Tucumán","Facultad de Derecho y Ciencias Sociales","Escribano","Grado","5 Años","Ingreso Directo","25 de Mayo 471 - San Miguel De Tucuman - Tucumán","(0381) 4300153","www.derecho.unt.edu.ar","secretaria.academica@derecho.unt.edu.ar"
"Universidad Nacional de Tucumán","Facultad de Derecho y Ciencias Sociales","Licenciado/a en Seguridad Pública - Ciclo de Complementación Curricular - MD","Ciclo de Complementación Curricular","2.5 Años","Consulte con la Institución","25 de Mayo 471 - San Miguel De Tucuman - Tucumán","(0381) 4300153","www.derecho.unt.edu.ar","secretaria.academica@derecho.unt.edu.ar"
"Universidad Nacional de Tucumán","Facultad de Derecho y Ciencias Sociales","Procurador","Grado","4 Años","Ingreso Directo","25 de Mayo 471 - San Miguel De Tucuman - Tucumán","(0381) 4300153","www.derecho.unt.edu.ar","secretaria.academica@derecho.unt.edu.ar"
"Universidad Nacional de Tucumán","Facultad de Derecho y Ciencias Sociales Convenio Bella Vista","Abogado","Grado","6 Años","Ingreso Directo","Sarmiento y Marconi -Bella Vista - Amaicha Del Llano - Tucumán","(0381) 4300153","www.derecho.unt.edu.ar","secretaria.academica@derecho.unt.edu.ar"
"Universidad Nacional de Tucumán","Facultad de Derecho y Ciencias Sociales Convenio Concepción","Abogado","Grado","6 Años","Ingreso Directo","9 de Julio 112 - Concepcion - Tucumán","(0381) 4300153","www.derecho.unt.edu.ar","secretaria.academica@derecho.unt.edu.ar"
"Universidad Nacional de Tucumán","Facultad de Derecho y Ciencias Sociales Convenio Monteros","Abogado","Grado","6 Años","Ingreso Directo","25 de Mayo 261 - Cap. Caceres - Tucumán","(0381) 4300153","www.derecho.unt.edu.ar","secretaria.academica@derecho.unt.edu.ar"
"Universidad Nacional de Tucumán","Facultad de Derecho y Ciencias Sociales Convenio Trancas","Abogado","Grado","6 Años","Ingreso Directo","Avenida Irigoyen 126 - Leocadio Paz - Tucumán","(0381) 4300153","www.derecho.unt.edu.ar","secretaria.academica@derecho.unt.edu.ar"
"Universidad Nacional de Tucumán","Facultad de Educación Física","Licenciado en Educación Física","Grado","5 Años","Ingreso Directo","Av. Benjamin Araoz 751 - San Miguel De Tucuman - Tucumán","(0381) 484-7372","www.facdef.unt.edu.ar","info@unt.edu.ar"
"Universidad Nacional de Tucumán","Facultad de Educación Física","Licenciado en Educación Física - Ciclo de Licenciatura","Ciclo de Licenciatura","2 Años","Ingreso Directo","Av. Benjamin Araoz 751 - San Miguel De Tucuman - Tucumán","(0381) 484-7372","www.facdef.unt.edu.ar","info@unt.edu.ar"
"Universidad Nacional de Tucumán","Facultad de Educación Física","Profesor de Educación Física","Grado","4 Años","Ingreso Directo","Av. Benjamin Araoz 751 - San Miguel De Tucuman - Tucumán","(0381) 484-7372","www.facdef.unt.edu.ar","info@unt.edu.ar"
"Universidad Nacional de Tucumán","Facultad de Filosofía y Letras","Licenciado/a en Historia","Grado","5 Años","Asistencia a Curso de Ingreso o Nivelación","Av. Benjamin Araoz 800 - San Miguel De Tucuman - Tucumán","(0381) 4222146","www.filo.unt.edu.ar","info@unt.edu.ar"
"Universidad Nacional de Tucumán","Facultad de Filosofía y Letras","Licenciado en Ciencias de la Comunicación","Grado","4 Años","Asistencia a Curso de Ingreso o Nivelación","Av. Benjamin Araoz 800 - San Miguel De Tucuman - Tucumán","(0381) 4222146","www.filo.unt.edu.ar","info@unt.edu.ar"
"Universidad Nacional de Tucumán","Facultad de Filosofía y Letras","Licenciado en Ciencias de la Educación","Grado","5 Años","Asistencia a Curso de Ingreso o Nivelación","Av. Benjamin Araoz 800 - San Miguel De Tucuman - Tucumán","(0381) 4222146","www.filo.unt.edu.ar","info@unt.edu.ar"
"Universidad Nacional de Tucumán","Facultad de Filosofía y Letras","Licenciado en Filosofía","Grado","5 Años","Asistencia a Curso de Ingreso o Nivelación","Av. Benjamin Araoz 800 - San Miguel De Tucuman - Tucumán","(0381) 4222146","www.filo.unt.edu.ar","info@unt.edu.ar"
"Universidad Nacional de Tucumán","Facultad de Filosofía y Letras","Licenciado en Francés","Grado","5 Años","Asistencia a Curso de Ingreso o Nivelación","Av. Benjamin Araoz 800 - San Miguel De Tucuman - Tucumán","(0381) 4222146","www.filo.unt.edu.ar","info@unt.edu.ar"
"Universidad Nacional de Tucumán","Facultad de Filosofía y Letras","Licenciado en Geografía","Grado","5 Años","Asistencia a Curso de Ingreso o Nivelación","Av. Benjamin Araoz 800 - San Miguel De Tucuman - Tucumán","(0381) 4222146","www.filo.unt.edu.ar","info@unt.edu.ar"
"Universidad Nacional de Tucumán","Facultad de Filosofía y Letras","Licenciado en Inglés","Grado","5 Años","Asistencia a Curso de Ingreso o Nivelación","Av. Benjamin Araoz 800 - San Miguel De Tucuman - Tucumán","(0381) 4222146","www.filo.unt.edu.ar","info@unt.edu.ar"
"Universidad Nacional de Tucumán","Facultad de Filosofía y Letras","Licenciado en Letras","Grado","5 Años","Asistencia a Curso de Ingreso o Nivelación","Av. Benjamin Araoz 800 - San Miguel De Tucuman - Tucumán","(0381) 4222146","www.filo.unt.edu.ar","info@unt.edu.ar"
"Universidad Nacional de Tucumán","Facultad de Filosofía y Letras","Licenciado en Trabajo Social","Grado","5 Años","Asistencia a Curso de Ingreso o Nivelación","Av. Benjamin Araoz 800 - San Miguel De Tucuman - Tucumán","(0381) 4222146","www.filo.unt.edu.ar","info@unt.edu.ar"
"Universidad Nacional de Tucumán","Facultad de Filosofía y Letras","Profesor/a de Historia","Grado","5 Años","Asistencia a Curso de Ingreso o Nivelación","Av. Benjamin Araoz 800 - San Miguel De Tucuman - Tucumán","(0381) 4222146","www.filo.unt.edu.ar","info@unt.edu.ar"
"Universidad Nacional de Tucumán","Facultad de Filosofía y Letras","Profesor en Artes Plásticas - Ciclo de Profesorado","Ciclo de Profesorado","2 Años","Asistencia a Curso de Ingreso o Nivelación","Av. Benjamin Araoz 800 - San Miguel De Tucuman - Tucumán","(0381) 4222146","www.filo.unt.edu.ar","info@unt.edu.ar"
"Universidad Nacional de Tucumán","Facultad de Filosofía y Letras","Profesor en Ciencias de la Educación","Grado","5 Años","Asistencia a Curso de Ingreso o Nivelación","Av. Benjamin Araoz 800 - San Miguel De Tucuman - Tucumán","(0381) 4222146","www.filo.unt.edu.ar","info@unt.edu.ar"
"Universidad Nacional de Tucumán","Facultad de Filosofía y Letras","Profesor en Ciencias Económicas - Ciclo de Profesorado","Ciclo de Profesorado","2 Años","Asistencia a Curso de Ingreso o Nivelación","Av. Benjamin Araoz 800 - San Miguel De Tucuman - Tucumán","(0381) 4222146","www.filo.unt.edu.ar","info@unt.edu.ar"
"Universidad Nacional de Tucumán","Facultad de Filosofía y Letras","Profesor en Filosofía","Grado","5 Años","Asistencia a Curso de Ingreso o Nivelación","Av. Benjamin Araoz 800 - San Miguel De Tucuman - Tucumán","(0381) 4222146","www.filo.unt.edu.ar","info@unt.edu.ar"
"Universidad Nacional de Tucumán","Facultad de Filosofía y Letras","Profesor en Francés","Grado","5 Años","Asistencia a Curso de Ingreso o Nivelación","Av. Benjamin Araoz 800 - San Miguel De Tucuman - Tucumán","(0381) 4222146","www.filo.unt.edu.ar","info@unt.edu.ar"
"Universidad Nacional de Tucumán","Facultad de Filosofía y Letras","Profesor en Geografía","Grado","5 Años","Asistencia a Curso de Ingreso o Nivelación","Av. Benjamin Araoz 800 - San Miguel De Tucuman - Tucumán","(0381) 4222146","www.filo.unt.edu.ar","info@unt.edu.ar"
"Universidad Nacional de Tucumán","Facultad de Filosofía y Letras","Profesor en Inglés","Grado","5 Años","Asistencia a Curso de Ingreso o Nivelación","Av. Benjamin Araoz 800 - San Miguel De Tucuman - Tucumán","(0381) 4222146","www.filo.unt.edu.ar","info@unt.edu.ar"
"Universidad Nacional de Tucumán","Facultad de Filosofía y Letras","Profesor en Letras","Grado","5 Años","Asistencia a Curso de Ingreso o Nivelación","Av. Benjamin Araoz 800 - San Miguel De Tucuman - Tucumán","(0381) 4222146","www.filo.unt.edu.ar","info@unt.edu.ar"
"Universidad Nacional de Tucumán","Facultad de Filosofía y Letras","Profesor en Matemática","Grado","5 Años","Asistencia a Curso de Ingreso o Nivelación","Av. Benjamin Araoz 800 - San Miguel De Tucuman - Tucumán","(0381) 4222146","www.filo.unt.edu.ar","info@unt.edu.ar"
"Universidad Nacional de Tucumán","Facultad de Filosofía y Letras","Profesor en Química","Grado","5 Años","Asistencia a Curso de Ingreso o Nivelación","Av. Benjamin Araoz 800 - San Miguel De Tucuman - Tucumán","(0381) 4222146","www.filo.unt.edu.ar","info@unt.edu.ar"
"Universidad Nacional de Tucumán","Facultad de Filosofía y Letras","Técnico Universitario en Comunicación","Título Intermedio","3 Años","Asistencia a Curso de Ingreso o Nivelación","Av. Benjamin Araoz 800 - San Miguel De Tucuman - Tucumán","(0381) 4222146","www.filo.unt.edu.ar","info@unt.edu.ar"
"Universidad Nacional de Tucumán","Facultad de Medicina","Enfermero/a Universitario/a","Título Intermedio","3 Años","Consulte con la Institución","Lamadrid 875 - San Miguel De Tucuman - Tucumán","(0381) 4248023","www.fm.unt.edu.ar","info@unt.edu.ar"
"Universidad Nacional de Tucumán","Facultad de Medicina","Licenciado/a en Enfermería","Grado","5 Años","Consulte con la Institución","Lamadrid 875 - San Miguel De Tucuman - Tucumán","(0381) 4248023","www.fm.unt.edu.ar","info@unt.edu.ar"
"Universidad Nacional de Tucumán","Facultad de Medicina","Licenciado/a en Fonoaudiología - Ciclo de Complementación Curricular","Ciclo de Complementación Curricular","2 Años","Consulte con la Institución","Lamadrid 875 - San Miguel De Tucuman - Tucumán","(0381) 4248023","www.fm.unt.edu.ar","info@unt.edu.ar"
"Universidad Nacional de Tucumán","Facultad de Medicina","Licenciado/a en Kinesiología y Fisiatría","Grado","5 Años","Asistencia a Curso de Ingreso o Nivelación","Lamadrid 875 - San Miguel De Tucuman - Tucumán","(0381) 4248023","www.fm.unt.edu.ar","info@unt.edu.ar"
"Universidad Nacional de Tucumán","Facultad de Medicina","Médico","Grado","6.5 Años","Consulte con la Institución","Lamadrid 875 - San Miguel De Tucuman - Tucumán","(0381) 4248023","www.fm.unt.edu.ar","info@unt.edu.ar"
"Universidad Nacional de Tucumán","Facultad de Medicina","Técnico en Estadísticas de Salud","Técnico Instrumental","3 Años","Consulte con la Institución","Lamadrid 875 - San Miguel De Tucuman - Tucumán","(0381) 4248023","www.fm.unt.edu.ar","info@unt.edu.ar"
"Universidad Nacional de Tucumán","Facultad de Odontología","Odontólogo/a","Grado","5 Años","Asistencia a Curso de Ingreso o Nivelación","Av. Benjamin Araoz 800 - San Miguel De Tucuman - Tucumán","(0381) 4227589","www.odontologia.unt.edu.ar","info@unt.edu.ar"
"Universidad Nacional de Tucumán","Facultad de Odontología","Técnico/a Universitario/a en Asistencia Dental","Técnico Instrumental","3 Años","Consulte con la Institución","Av. Benjamin Araoz 800 - San Miguel De Tucuman - Tucumán","(0381) 4227589","www.odontologia.unt.edu.ar","info@unt.edu.ar"
"Universidad Nacional de Tucumán","Facultad de Odontología","Técnico/a Universitario/a en Prótesis Dental","Técnico Instrumental","3 Años","Consulte con la Institución","Av. Benjamin Araoz 800 - San Miguel De Tucuman - Tucumán","(0381) 4227589","www.odontologia.unt.edu.ar","info@unt.edu.ar"
"Universidad Nacional de Tucumán","Facultad de Psicología","Profesor/a en Psicología - Ciclo de Complementación Curricular","Ciclo de Complementación Curricular","2 Años","Ingreso Directo","Av. Benjamin Araoz 800 - San Miguel De Tucuman - Tucumán","(0381) 4847337","www.psicologia.unt.edu.ar","info@unt.edu.ar"
"Universidad Nacional de Tucumán","Facultad de Psicología","Psicólogo","Grado","5 Años","Ingreso Directo","Av. Benjamin Araoz 800 - San Miguel De Tucuman - Tucumán","(0381) 4847337","www.psicologia.unt.edu.ar","info@unt.edu.ar"
"Universidad Nacional de Tucumán","Facultad de Psicología Convenio Bella Vista","Técnico Universitario en Acompañamiento Terapéutico","Técnico Instrumental","3 Años","Ingreso Directo","Sarmiento y Marconi-Bella Vista s/n - Amaicha Del Llano - Tucumán","(0381) 4847337","www.psicologia.unt.edu.ar","deunt@herrera.unt.edu.ar"
"Universidad Nacional de Tucumán","Instituto Universitario Multidisciplinario de Aguilares (Artes)","Licenciado/a en Artes Visuales","Grado","5 Años","Ingreso Directo","General Savio S/N - Aguilares - Tucumán","(0381) 4247752","www.herrera.unt.edu.ar/facet","info@unt.edu.ar"
"Universidad Nacional de Tucumán","Instituto Universitario Multidisciplinario de Aguilares (Artes)","Licenciado en Artes Plásticas","Grado","5 Años","Consulte con la Institución","General Savio S/N - Aguilares - Tucumán","(0381) 4247752","www.herrera.unt.edu.ar/facet","info@unt.edu.ar"
"Universidad Nacional de Tucumán","Instituto Universitario Multidisciplinario de Aguilares (Artes)","Licenciado en Artes Plásticas (Especialidad: Escultura)","Grado","5 Años","Consulte con la Institución","General Savio S/N - Aguilares - Tucumán","(0381) 4247752","www.herrera.unt.edu.ar/facet","info@unt.edu.ar"
"Universidad Nacional de Tucumán","Instituto Universitario Multidisciplinario de Aguilares (Artes)","Licenciado en Artes Plásticas (Especialidad: Grabado)","Grado","5 Años","Consulte con la Institución","General Savio S/N - Aguilares - Tucumán","(0381) 4247752","www.herrera.unt.edu.ar/facet","info@unt.edu.ar"
"Universidad Nacional de Tucumán","Instituto Universitario Multidisciplinario de Aguilares (Artes)","Licenciado en Artes Plásticas (Especialidad: Pintura)","Grado","5 Años","Consulte con la Institución","General Savio S/N - Aguilares - Tucumán","(0381) 4247752","www.herrera.unt.edu.ar/facet","info@unt.edu.ar"
"Universidad Nacional de Tucumán","Instituto Universitario Multidisciplinario de Aguilares (Enfermería)","Enfermero","Título Intermedio","3 Años","Consulte con la Institución","General Savio S/N - Aguilares - Tucumán","(0381) 4247752","www.herrera.unt.edu.ar/facet","info@unt.edu.ar"
"Universidad Nacional de Tucumán","Instituto Universitario Multidisciplinario de Aguilares (Enfermería)","Enfermero/a Universitario/a","Título Intermedio","3 Años","Consulte con la Institución","General Savio S/N - Aguilares - Tucumán","(0381) 4247752","www.herrera.unt.edu.ar/facet","info@unt.edu.ar"
"Universidad Nacional de Tucumán","Instituto Universitario Multidisciplinario de Aguilares (Enfermería)","Licenciado/a en Enfermería","Grado","5 Años","Consulte con la Institución","General Savio S/N - Aguilares - Tucumán","(0381) 4247752","www.herrera.unt.edu.ar/facet","info@unt.edu.ar"
"Universidad Nacional de Tucumán","Instituto Universitario Multidisciplinario de Aguilares (Enfermería)","Licenciado en Enfermería","Grado","5 Años","Consulte con la Institución","General Savio S/N - Aguilares - Tucumán","(0381) 4247752","www.herrera.unt.edu.ar/facet","info@unt.edu.ar"
"Universidad Nacional de Tucumán","Instituto Universitario Multidisciplinario de Aguilares (Enfermería)","Técnico en Instrumentación Quirúrgica","Técnico Instrumental","2 Años","Consulte con la Institución","General Savio S/N - Aguilares - Tucumán","(0381) 4247752","www.herrera.unt.edu.ar/facet","info@unt.edu.ar"
"Universidad Nacional de Tucumán","Rectorado","Licenciado en Gestión Universitaria","Grado","5 Años","Ingreso Directo","Ayacucho 491 - San Miguel De Tucuman - Tucumán","(0381) 4247752","www.unt.edu.ar","info@unt.edu.ar"
"Universidad Nacional de Tucumán","Rectorado","Técnico Superior en Gestión Universitaria","Título Intermedio","3 Años","Consulte con la Institución","Ayacucho 491 - San Miguel De Tucuman - Tucumán","(0381) 4247752","www.unt.edu.ar","info@unt.edu.ar"
"Universidad Tecnológica Nacional","Facultad Regional Tucumán","Analista Universitario de Sistemas","Título Intermedio","3 Años","Asistencia y Aprobación a Curso de Ingreso o Nivelación","Rivadavia 1050 - San Miguel De Tucuman - Tucumán","(0381) 421-7150","www.frt.utn.edu.ar","despacho@frt.utn.edu.ar"
"Universidad Tecnológica Nacional","Facultad Regional Tucumán","Ingeniero/a en Energía Eléctrica","Grado","5 Años","Asistencia y Aprobación a Curso de Ingreso o Nivelación","Rivadavia 1050 - San Miguel De Tucuman - Tucumán","(0381) 421-7150","www.frt.utn.edu.ar","despacho@frt.utn.edu.ar"
"Universidad Tecnológica Nacional","Facultad Regional Tucumán","Ingeniero Civil","Grado","5.5 Años","Asistencia y Aprobación a Curso de Ingreso o Nivelación","Rivadavia 1050 - San Miguel De Tucuman - Tucumán","(0381) 421-7150","www.frt.utn.edu.ar","despacho@frt.utn.edu.ar"
"Universidad Tecnológica Nacional","Facultad Regional Tucumán","Ingeniero Electrónico","Grado","5.5 Años","Asistencia y Aprobación a Curso de Ingreso o Nivelación","Rivadavia 1050 - San Miguel De Tucuman - Tucumán","(0381) 421-7150","www.frt.utn.edu.ar","despacho@frt.utn.edu.ar"
"Universidad Tecnológica Nacional","Facultad Regional Tucumán","Ingeniero en Sistemas de Información","Grado","5 Años","Asistencia y Aprobación a Curso de Ingreso o Nivelación","Rivadavia 1050 - San Miguel De Tucuman - Tucumán","(0381) 421-7150","www.frt.utn.edu.ar","despacho@frt.utn.edu.ar"
"Universidad Tecnológica Nacional","Facultad Regional Tucumán","Ingeniero Mecánico","Grado","5 Años","Asistencia y Aprobación a Curso de Ingreso o Nivelación","Rivadavia 1050 - San Miguel De Tucuman - Tucumán","(0381) 421-7150","www.frt.utn.edu.ar","despacho@frt.utn.edu.ar"
"Universidad Tecnológica Nacional","Facultad Regional Tucumán","Licenciado en Gestión Ambiental - Ciclo de Complementación Curricular - MD","Ciclo de Complementación Curricular","2 Años","Consulte con la Institución","Rivadavia 1050 - San Miguel De Tucuman - Tucumán","(0381) 421-7150","www.frt.utn.edu.ar","despacho@frt.utn.edu.ar"
"Universidad Tecnológica Nacional","Facultad Regional Tucumán","Licenciado en Higiene y Seguridad en el Trabajo - Ciclo de Complementación Curricular","Ciclo de Complementación Curricular","2 Años","Consulte con la Institución","Rivadavia 1050 - San Miguel De Tucuman - Tucumán","(0381) 421-7150","www.frt.utn.edu.ar","despacho@frt.utn.edu.ar"
"Universidad Tecnológica Nacional","Facultad Regional Tucumán","Licenciado en Tecnología Educativa - Ciclo de Complementación Curricular","Ciclo de Complementación Curricular","3 Cuatrimestres","Consulte con la Institución","Rivadavia 1050 - San Miguel De Tucuman - Tucumán","(0381) 421-7150","www.frt.utn.edu.ar","despacho@frt.utn.edu.ar"
"Universidad Tecnológica Nacional","Facultad Regional Tucumán","Técnico Universitario en Electrónica","Título Intermedio","4 Años","Asistencia a Curso de Ingreso o Nivelación","Rivadavia 1050 - San Miguel De Tucuman - Tucumán","(0381) 421-7150","www.frt.utn.edu.ar","despacho@frt.utn.edu.ar"
"Universidad Tecnológica Nacional","Facultad Regional Tucumán","Técnico Universitario en Energías Sustentables","Técnico Instrumental","2.5 Años","Consulte con la Institución","Rivadavia 1050 - San Miguel De Tucuman - Tucumán","(0381) 421-7150","www.frt.utn.edu.ar","despacho@frt.utn.edu.ar"
"Universidad Tecnológica Nacional","Facultad Regional Tucumán","Técnico Universitario en Higiene y Seguridad en el Trabajo","Técnico Instrumental","3 Años","Consulte con la Institución","Rivadavia 1050 - San Miguel De Tucuman - Tucumán","(0381) 421-7150","www.frt.utn.edu.ar","despacho@frt.utn.edu.ar"
"Universidad Tecnológica Nacional","Facultad Regional Tucumán","Técnico Universitario en Logística","Técnico Instrumental","2.5 Años","Consulte con la Institución","Rivadavia 1050 - San Miguel De Tucuman - Tucumán","(0381) 421-7150","www.frt.utn.edu.ar","despacho@frt.utn.edu.ar"
"Universidad Tecnológica Nacional","Facultad Regional Tucumán","Técnico Universitario en Mantenimiento Industrial","Técnico Instrumental","2 Años","Consulte con la Institución","Rivadavia 1050 - San Miguel De Tucuman - Tucumán","(0381) 421-7150","www.frt.utn.edu.ar","despacho@frt.utn.edu.ar"
"Universidad Tecnológica Nacional","Facultad Regional Tucumán","Técnico Universitario en Mecatrónica","Técnico Instrumental","2 Años","Consulte con la Institución","Rivadavia 1050 - San Miguel De Tucuman - Tucumán","(0381) 421-7150","www.frt.utn.edu.ar","despacho@frt.utn.edu.ar"
"Universidad Tecnológica Nacional","Facultad Regional Tucumán","Técnico Universitario en Programación","Técnico Instrumental","2 Años","Consulte con la Institución","Rivadavia 1050 - San Miguel De Tucuman - Tucumán","(0381) 421-7150","www.frt.utn.edu.ar","despacho@frt.utn.edu.ar"
